<?xml version="1.0" encoding="UTF-8"?>
<assembly xmlns="http://maven.apache.org/POM/4.0.0"
  xmlns:xsi="http://www.w3.org/2001/XMLSchema-instance"
  xsi:schemaLocation="http://maven.apache.org/POM/4.0.0 http://maven.apache.org/xsd/assembly-1.1.1.xsd"
>
  <id>package</id>
  <formats>
    <format>jar</format>
  </formats>
  <includeBaseDirectory>false</includeBaseDirectory>
  <fileSets>
    <fileSet>
      <directory>src/assembly</directory>
      <filtered>true</filtered>
      <includes>
        <include>package.xml</include>
      </includes>
      <outputDirectory>.</outputDirectory>
    </fileSet>
    
    <fileSet>
      <directory>src/main/resources/META-INF</directory>
      <includes>
        <include>singleton-container-aop.xml</include>
      </includes>
      <outputDirectory>.</outputDirectory>
    </fileSet>
    
  </fileSets>
  <dependencySets>
    <dependencySet>
      <outputFileNameMapping>${artifact.artifactId}.${artifact.extension}</outputFileNameMapping>
      <useProjectArtifact>true</useProjectArtifact>
      <includes>
        <include>org.jboss.ejb3.singleton:jboss-ejb3-singleton-aop-impl:jar</include>
        <include>org.jboss.ejb3:jboss-ejb3-core:jar</include>
        <include>org.jboss.ejb3.concurrency:jboss-ejb3-concurrency-aop:jar</include>
        <include>org.jboss.ejb3.concurrency:jboss-ejb3-concurrency-impl:jar</include>
        <include>org.jboss.metadata:jboss-metadata-ejb:jar</include>
        <include>org.jboss.ejb3:jboss-ejb3-timerservice-spi:jar</include>
      </includes>      
      
    </dependencySet>
    
  </dependencySets>
</assembly>
